Race_ID,Athlete_ID,Date,Time,Elo_Before,Elo_Momentum,Days_since_last,SB_Gap,Is_Championship,Target_Rank,Indoor
1,jakob_ingebrigtsen,2021-07-30,3:28.32,,,,,1,1,0
1,timothy_cheruiyot,2021-07-30,3:29.01,,,,,1,2,0
1,josh_kerr,2021-07-30,3:29.05,,,,,1,3,0
1,abel_kipsang,2021-07-30,3:29.56,,,,,1,4,0
1,adel_mechaal,2021-07-30,3:30.77,,,,,1,5,0
1,cole_hocker,2021-07-30,3:31.40,,,,,1,6,0
1,stewart_mcsweyn,2021-07-30,3:31.91,,,,,1,7,0
1,michal_rozmys,2021-07-30,3:32.67,,,,,1,8,0
1,jake_heyward,2021-07-30,3:34.43,,,,,1,9,0
1,jake_wightman,2021-07-30,3:35.09,,,,,1,10,0
1,oliver_hoare,2021-07-30,3:35.79,,,,,1,11,0
1,charles_grethen,2021-07-30,3:36.80,,,,,1,12,0
1,ignacio_fontes,2021-07-30,3:38.56,,,,,1,13,0
2,jake_wightman,2022-07-19,3:29.23,,,,,1,1,0
2,jakob_ingebrigtsen,2022-07-19,3:29.47,,,,,1,2,0
2,mohamed_katir,2022-07-19,3:29.90,,,,,1,3,0
2,mario_garcia,2022-07-19,3:30.20,,,,,1,4,0
2,josh_kerr,2022-07-19,3:30.60,,,,,1,5,0
2,timothy_cheruiyot,2022-07-19,3:30.69,,,,,1,6,0
2,abel_kipsang,2022-07-19,3:31.21,,,,,1,7,0
2,teddese_lemi,2022-07-19,3:32.98,,,,,1,8,0
2,stewart_mcsweyn,2022-07-19,3:33.24,,,,,1,9,0
2,michal_rozmys,2022-07-19,3:34.58,,,,,1,10,0
2,ignacio_fontes,2022-07-19,3:34.71,,,,,1,11,0
2,joshua_thompson,2022-07-19,3:35.57,,,,,1,12,0
3,josh_kerr,2023-08-19,3:29.38,,,,,1,1,0
3,jakob_ingebrigtsen,2023-08-19,3:29.65,,,,,1,2,0
3,narve_gilje_nordas,2023-08-19,3:29.68,,,,,1,3,0
3,abel_kipsang,2023-08-19,3:29.89,,,,,1,4,0
3,yared_nuguse,2023-08-19,3:30.25,,,,,1,5,0
3,mario_garcia,2023-08-19,3:30.26,,,,,1,6,0
3,cole_hocker,2023-08-19,3:30.70,,,,,1,7,0
3,reynold_cheruiyot,2023-08-19,3:30.78,,,,,1,8,0
3,neil_gourley,2023-08-19,3:31.10,,,,,1,9,0
3,niels_laros,2023-08-19,3:31.25,,,,,1,10,0
3,azeddine_habz,2023-08-19,3:33.14,,,,,1,11,0
3,isaac_nader,2023-08-19,3:35.41,,,,,1,12,0
4,cole_hocker,2024-08-06,3:27.65,,,,,1,1,0
4,josh_kerr,2024-08-06,3:27.79,,,,,1,2,0
4,yared_nuguse,2024-08-06,3:27.80,,,,,1,3,0
4,jakob_ingebrigtsen,2024-08-06,3:28.24,,,,,1,4,0
4,hobbs_kessler,2024-08-06,3:29.45,,,,,1,5,0
4,niels_laros,2024-08-06,3:29.54,,,,,1,6,0
4,narve_gilje_nordas,2024-08-06,3:30.46,,,,,1,7,0
4,pietro_arese,2024-08-06,3:30.74,,,,,1,8,0
4,stefan_nillessen,2024-08-06,3:30.75,,,,,1,9,0
4,neil_gourley,2024-08-06,3:30.88,,,,,1,10,0
4,timothy_cheruiyot,2024-08-06,3:31.35,,,,,1,11,0
4,brian_komen,2024-08-06,3:35.59,,,,,1,12,0
5,isaac_nader,2025-09-17,3:34.10,,,,,1,1,0
5,jake_wightman,2025-09-17,3:34.12,,,,,1,2,0
5,reynold_cheruiyot,2025-09-17,3:34.25,,,,,1,3,0
5,timothy_cheruiyot,2025-09-17,3:34.50,,,,,1,4,0
5,niels_laros,2025-09-17,3:34.52,,,,,1,5,0
5,robert_farken,2025-09-17,3:35.15,,,,,1,6,0
5,federico_riva,2025-09-17,3:35.33,,,,,1,7,0
5,adrian_ben,2025-09-17,3:35.38,,,,,1,8,0
5,tshepo_tshite,2025-09-17,3:35.50,,,,,1,9,0
5,neil_gourley,2025-09-17,3:35.56,,,,,1,10,0
5,samuel_pihlstrom,2025-09-17,3:35.74,,,,,1,11,0
5,andrew_coscoran,2025-09-17,3:35.87,,,,,1,12,0
5,jonah_koech,2025-09-17,3:37.00,,,,,1,13,0
6,samuel_tefera,2022-03-20,3:32.77,,,,,1,1,1
6,jakob_ingebrigtsen,2022-03-20,3:33.02,,,,,1,2,1
6,abel_kipsang,2022-03-20,3:33.36,,,,,1,3,1
6,teddese_lemi,2022-03-20,3:33.59,,,,,1,4,1
6,oliver_hoare,2022-03-20,3:34.36,,,,,1,5,1
6,neil_gourley,2022-03-20,3:35.87,,,,,1,6,1
6,michal_rozmys,2022-03-20,3:36.71,,,,,1,7,1
6,pietro_arese,2022-03-20,3:37.60,,,,,1,8,1
6,samuel_prakel,2022-03-20,3:38.40,,,,,1,9,1
6,isaac_nader,2022-03-20,3:39.97,,,,,1,10,1
6,robert_farken,2022-03-20,3:41.29,,,,,1,11,1
6,joshua_thompson,2022-03-20,3:44.48,,,,,1,12,1
7,geordie_beamish,2024-03-03,3:36.54,,,,,1,1,1
7,cole_hocker,2024-03-03,3:36.69,,,,,1,2,1
7,hobbs_kessler,2024-03-03,3:36.72,,,,,1,3,1
7,isaac_nader,2024-03-03,3:36.97,,,,,1,4,1
7,narve_gilje_nordas,2024-03-03,3:37.03,,,,,1,5,1
7,adel_mechaal,2024-03-03,3:37.76,,,,,1,6,1
7,samuel_tefera,2024-03-03,3:38.10,,,,,1,7,1
7,samuel_pihlstrom,2024-03-03,3:38.35,,,,,1,8,1
7,biniam_mehary,2024-03-03,3:40.00,,,,,1,9,1
7,vincent_kibet_keter,2024-03-03,3:40.04,,,,,1,10,1
7,mario_garcia,2024-03-03,3:40.48,,,,,1,11,1
7,ryan_mphahlele,2024-03-03,3:41.08,,,,,1,12,1
7,kieran_lumb,2024-03-03,3:41.37,,,,,1,13,1
7,adam_fogg,2024-03-03,3:43.81,,,,,1,14,1
8,jakob_ingebrigtsen,2025-03-23,3:38.79,,,,,1,1,1
8,neil_gourley,2025-03-23,3:39.07,,,,,1,2,1
8,luke_houser,2025-03-23,3:39.17,,,,,1,3,1
8,isaac_nader,2025-03-23,3:39.58,,,,,1,4,1
8,samuel_pihlstrom,2025-03-23,3:39.67,,,,,1,5,1
8,adrian_ben,2025-03-23,3:39.96,,,,,1,6,1
8,raphael_pallitsch,2025-03-23,3:41.01,,,,,1,7,1
8,mariano_garcia,2025-03-23,3:41.83,,,,,1,8,1
8,samuel_prakel,2025-03-23,3:44.48,,,,,1,9,1
9,mariano_garcia,2025-03-22,3:39.63,,,,,1,1,1
9,isaac_nader,2025-03-22,3:40.06,,,,,1,2,1
9,adam_spencer,2025-03-22,3:40.26,,,,,1,3,1
9,samuel_pihlstrom,2025-03-22,3:40.59,,,,,1,4,1
9,samuel_chapple,2025-03-22,3:40.59,,,,,1,5,1
9,nathan_green,2025-03-22,3:40.78,,,,,1,6,1
9,federico_riva,2025-03-22,3:40.98,,,,,1,7,1
9,carlos_saez,2025-03-22,3:42.46,,,,,1,8,1
9,titouan_le_grix,2025-03-22,3:42.69,,,,,1,9,1
10,josh_kerr,2025-05-03,3:34.51,,,,,0,1,0
10,yared_nuguse,2025-05-03,3:34.65,,,,,0,2,0
10,cole_hocker,2025-05-03,3:34.79,,,,,0,3,0
10,kethobogile_haingura,2025-05-03,3:35.21,,,,,0,4,0
10,peter_bol,2025-05-03,3:35.24,,,,,0,5,0
10,timothy_cheruiyot,2025-05-03,3:35.61,,,,,0,6,0
10,marco_arop,2025-05-03,3:35.95,,,,,0,7,0
10,tshepo_tshite,2025-05-03,3:36.28,,,,,0,8,0
11,josh_kerr,2025-05-31,3:34.44,,,,,0,1,0
11,cole_hocker,2025-05-31,3:34.51,,,,,0,2,0
11,hobbs_kessler,2025-05-31,3:34.91,,,,,0,3,0
11,marco_arop,2025-05-31,3:35.38,,,,,0,4,0
11,josh_hoey,2025-05-31,3:35.45,,,,,0,5,0
11,yared_nuguse,2025-05-31,3:35.59,,,,,0,6,0
11,samuel_chapple,2025-05-31,3:37.33,,,,,0,7,0
11,elliot_giles,2025-05-31,3:39.92,,,,,0,8,0
12,emmanuel_wanyonyi,2025-04-06,3:35.18,,,,,0,1,0
12,yared_nuguse,2025-04-06,3:35.36,,,,,0,2,0
12,cole_hocker,2025-04-06,3:35.52,,,,,0,3,0
12,neil_gourley,2025-04-06,3:35.60,,,,,0,4,0
12,josh_kerr,2025-04-06,3:35.61,,,,,0,5,0
12,marco_arop,2025-04-06,3:39.65,,,,,0,6,0
12,bryce_hoppel,2025-04-06,3:39.78,,,,,0,7,0
12,mohammed_attaoui,2025-04-06,3:39.78,,,,,0,8,0
13,niels_laros,2025-08-22,3:30.58,,,,,0,1,0
13,phanuel_kipkosgei_koech,2025-08-22,3:31.41,,,,,0,2,0
13,yared_nuguse,2025-08-22,3:31.51,,,,,0,3,0
13,isaac_nader,2025-08-22,3:31.77,,,,,0,4,0
13,reynold_cheruiyot,2025-08-22,3:31.86,,,,,0,5,0
13,samuel_pihlstrom,2025-08-22,3:32.28,,,,,0,6,0
13,ruben_verheyden,2025-08-22,3:32.71,,,,,0,7,0
13,louis_gilavert,2025-08-22,3:32.78,,,,,0,8,0
13,jake_wightman,2025-08-22,3:32.95,,,,,0,9,0
13,neil_gourley,2025-08-22,3:33.21,,,,,0,10,0
13,pieter_sisk,2025-08-22,3:33.30,,,,,0,11,0
13,jochem_vermeulen,2025-08-22,3:33.42,,,,,0,12,0
13,andrew_coscoran,2025-08-22,3:35.76,,,,,0,13,0
13,hobbs_kessler,2025-08-22,3:36.65,,,,,0,14,0
13,kethobogile_haingura,2025-08-22,3:36.70,,,,,0,15,0
14,josh_kerr,2024-05-25,3:28.61,,,,,0,1,0
14,jakob_ingebrigtsen,2024-05-25,3:28.85,,,,,0,2,0
14,yared_nuguse,2024-05-25,3:29.42,,,,,0,3,0
14,neil_gourley,2024-05-25,3:30.83,,,,,0,4,0
14,jake_wightman,2024-05-25,3:30.91,,,,,0,5,0
14,reynold_cheruiyot,2024-05-25,3:31.62,,,,,0,6,0
14,cole_hocker,2024-05-25,3:31.95,,,,,0,7,0
14,geordie_beamish,2024-05-25,3:32.08,,,,,0,8,0
14,oliver_hoare,2024-05-25,3:32.10,,,,,0,9,0
14,mario_garcia,2024-05-25,3:33.05,,,,,0,10,0
14,cameron_myers,2024-05-25,3:33.06,,,,,0,11,0
14,abel_kipsang,2024-05-25,3:34.61,,,,,0,12,0
14,lamencha_girmal,2024-05-25,3:36.46,,,,,0,13,0
14,cooper_teare,2024-05-25,3:36.55,,,,,0,14,0
15,jakob_ingebrigtsen,2024-07-12,3:26.73,,,,,0,1,0
15,timothy_cheruiyot,2024-07-12,3:28.71,,,,,0,2,0
15,brian_komen,2024-07-12,3:28.80,,,,,0,3,0
15,yared_nuguse,2024-07-12,3:29.13,,,,,0,4,0
15,neil_gourley,2024-07-12,3:30.65,,,,,0,5,0
15,narve_gilje_nordas,2024-07-12,3:31.06,,,,,0,6,0
15,oliver_hoare,2024-07-12,3:31.07,,,,,0,7,0
15,azeddine_habz,2024-07-12,3:31.79,,,,,0,8,0
15,vincent_ciattei,2024-07-12,3:32.04,,,,,0,9,0
15,mael_gouyette,2024-07-12,3:33.29,,,,,0,10,0
15,isaac_nader,2024-07-12,3:34.42,,,,,0,11,0
15,pietro_arese,2024-07-12,3:35.19,,,,,0,12,0
15,elliot_giles,2024-07-12,3:40.72,,,,,0,13,0
16,yared_nuguse,2024-09-05,3:29.21,,,,,0,1,0
16,jakob_ingebrigtsen,2024-09-05,3:29.52,,,,,0,2,0
16,cole_hocker,2024-09-05,3:30.46,,,,,0,3,0
16,niels_laros,2024-09-05,3:31.23,,,,,0,4,0
16,josh_kerr,2024-09-05,3:31.46,,,,,0,5,0
16,reynold_cheruiyot,2024-09-05,3:32.15,,,,,0,6,0
16,azeddine_habz,2024-09-05,3:32.39,,,,,0,7,0
16,robert_farken,2024-09-05,3:32.95,,,,,0,8,0
16,jochem_vermeulen,2024-09-05,3:33.07,,,,,0,9,0
16,stefan_nillessen,2024-09-05,3:33.08,,,,,0,10,0
16,timothy_cheruiyot,2024-09-05,3:33.13,,,,,0,11,0
16,narve_gilje_nordas,2024-09-05,3:34.31,,,,,0,12,0
16,oliver_hoare,2024-09-05,3:37.43,,,,,0,13,0
16,boaz_kiprugut,2024-09-05,3:41.59,,,,,0,14,0
17,jakob_ingebrigtsen,2023-06-15,3:27.95,,,,,0,1,0
17,mohamed_katir,2023-06-15,3:28.89,,,,,0,2,0
17,yared_nuguse,2023-06-15,3:29.02,,,,,0,3,0
17,timothy_cheruiyot,2023-06-15,3:29.08,,,,,0,4,0
17,mario_garcia,2023-06-15,3:29.18,,,,,0,5,0
17,azeddine_habz,2023-06-15,3:29.26,,,,,0,6,0
17,oliver_hoare,2023-06-15,3:29.41,,,,,0,7,0
17,narve_gilje_nordas,2023-06-15,3:29.47,,,,,0,8,0
17,josh_kerr,2023-06-15,3:30.07,,,,,0,9,0
17,neil_gourley,2023-06-15,3:30.88,,,,,0,10,0
17,abel_kipsang,2023-06-15,3:31.76,,,,,0,11,0
17,andreas_almgren,2023-06-15,3:32.00,,,,,0,12,0
17,teddese_lemi,2023-06-15,3:32.24,,,,,0,13,0
17,charles_grethen,2023-06-15,3:36.27,,,,,0,14,0
18,jakob_ingebrigtsen,2023-07-16,3:27.14,,,,,0,1,0
18,abel_kipsang,2023-07-16,3:29.11,,,,,0,2,0
18,reynold_cheruiyot,2023-07-16,3:30.30,,,,,0,3,0
18,andrew_coscoran,2023-07-16,3:30.42,,,,,0,4,0
18,samuel_tanner,2023-07-16,3:31.24,,,,,0,5,0
18,vincent_kibet_keter,2023-07-16,3:31.28,,,,,0,6,0
18,isaac_nader,2023-07-16,3:31.49,,,,,0,7,0
18,george_mills,2023-07-16,3:31.54,,,,,0,8,0
18,azeddine_habz,2023-07-16,3:31.61,,,,,0,9,0
18,elliot_giles,2023-07-16,3:33.00,,,,,0,10,0
18,cameron_myers,2023-07-16,3:33.26,,,,,0,11,0
18,charles_philibertthiboutot,2023-07-16,3:33.29,,,,,0,12,0
18,adrian_ben,2023-07-16,3:33.50,,,,,0,13,0
18,samuel_prakel,2023-07-16,3:40.09,,,,,0,14,0
19,timothy_cheruiyot,2021-07-09,3:28.28,,,,,0,1,0
19,mohamed_katir,2021-07-09,3:28.76,,,,,0,2,0
19,jakob_ingebrigtsen,2021-07-09,3:29.25,,,,,0,3,0
19,stewart_mcsweyn,2021-07-09,3:29.51,,,,,0,4,0
19,charles_cheboi_simotwo,2021-07-09,3:30.30,,,,,0,5,0
19,marcin_lewandowski,2021-07-09,3:30.42,,,,,0,6,0
19,samuel_tefera,2021-07-09,3:30.71,,,,,0,7,0
19,azeddine_habz,2021-07-09,3:31.74,,,,,0,8,0
19,melese_nberet,2021-07-09,3:31.82,,,,,0,9,0
19,filip_ingebrigtsen,2021-07-09,3:32.23,,,,,0,10,0
19,baptiste_mischler,2021-07-09,3:32.42,,,,,0,11,0
19,jye_edwards,2021-07-09,3:33.23,,,,,0,12,0
19,adam_ali_musab,2021-07-09,3:35.57,,,,,0,13,0
20,phanuel_kipkosgei_koech,2025-07-19,3:28.82 ,,,,,0,1,0
20,josh_kerr,2025-07-19,3:29.37 ,,,,,0,2,0
20,isaac_nader,2025-07-19,3:31.55,,,,,0,3,0
20,jake_wightman,2025-07-19,3:31.58 ,,,,,0,4,0
20,jude_thomas,2025-07-19,3:32.36,,,,,0,5,0
20,elliot_giles,2025-07-19,3:32.51,,,,,0,6,0
20,narve_gilje_nordas,2025-07-19,3:32.54,,,,,0,7,0
20,adam_spencer,2025-07-19,3:32.88 ,,,,,0,8,0
20,selemon_barega,2025-07-19,3:32.93 ,,,,,0,9,0
20,neil_gourley,2025-07-19,3:33.69,,,,,0,10,0
20,oliver_hoare,2025-07-19,3:34.03,,,,,0,11,0
21,yared_nuguse,2023-07-23,3:30.44,,,,,0,1,0
21,narve_gilje_nordas,2023-07-23,3:30.58,,,,,0,2,0
21,neil_gourley,2023-07-23,3:30.60,,,,,0,3,0
21,elliot_giles,2023-07-23,3:30.92 ,,,,,0,4,0
21,matthew_stonier,2023-07-23,3:31.30 ,,,,,0,5,0
21,stewart_mcsweyn,2023-07-23,3:31.42 ,,,,,0,6,0
21,adel_mechaal,2023-07-23,3:31.43 ,,,,,0,7,0
21,timothy_cheruiyot,2023-07-23,3:31.44,,,,,0,8,0
21,azeddine_habz,2023-07-23,3:31.58,,,,,0,9,0
21,samuel_tanner,2023-07-23,3:31.60,,,,,0,10,0
21,mario_garcia,2023-07-23,3:31.68,,,,,0,11,0
21,adam_spencer,2023-07-23,3:31.81 ,,,,,0,12,0
21,cole_hocker,2023-07-23,3:32.14 ,,,,,0,13,0
21,andrew_coscoran,2023-07-23,3:32.42,,,,,0,14,0
21,george_mills,2023-07-23,3:35.76,,,,,0,15,0
22,jakob_ingebrigtsen,2025-02-13,3:28.42,,,,,0,1,1
22,stefan_nillessen,2025-02-13,3:35.42,,,,,0,2,1
22,cathal_doyle,2025-02-13,3:35.87,,,,,0,3,1
22,charles_philibertthiboutot,2025-02-13,3:36.26,,,,,0,4,1
22,tshepo_tshite,2025-02-13,3:36.72,,,,,0,5,1
22,romain_mornet,2025-02-13,3:37.26,,,,,0,6,1
22,filip_rak,2025-02-13,3:38.08,,,,,0,7,1
22,jack_anstey,2025-02-13,3:38.17,,,,,0,8,1
22,samuel_prakel,2025-02-13,3:38.36,,,,,0,9,1
22,elliot_giles,2025-02-13,3:41.70,,,,,0,10,1
23,yared_nuguse,2025-02-08,3:29.80,,,,,0,1,1
23,hobbs_kessler,2025-02-08,3:30.05,,,,,0,2,1
23,cameron_myers,2025-02-08,3:30.59,,,,,0,3,1
23,azeddine_habz,2025-02-08,3:30.66,,,,,0,4,1
23,gary_martin,2025-02-08,3:31.83,,,,,0,5,1
23,neil_gourley,2025-02-08,3:32.20,,,,,0,6,1
23,andrew_coscoran,2025-02-08,3:32.24,,,,,0,7,1
23,robert_farken,2025-02-08,3:32.86,,,,,0,8,1
23,jochem_vermeulen,2025-02-08,3:36.33,,,,,0,9,1
23,vince_ciattei,2025-02-08,3:37.59,,,,,0,10,1
23,henry_wynne,2025-02-08,3:38.03,,,,,0,11,1
24,jakob_ingebrigtsen,2022-02-17,3:30.60,,,,,0,1,1
24,samuel_tefera,2022-02-17,3:33.70,,,,,0,2,1
24,ignacio_fontes,2022-02-17,3:37.39,,,,,0,3,1
24,saul_ordonez,2022-02-17,3:37.99,,,,,0,4,1
24,michal_rozmys,2022-02-17,3:38.82,,,,,0,5,1
24,charles_grethen,2022-02-17,3:38.84,,,,,0,6,1
24,marcin_lewandowski,2022-02-17,3:44.87,,,,,0,7,1
24,adehena_kasaye,2022-02-17,3:45.15,,,,,0,8,1
24,baptiste_mischler,2022-02-17,3:48.92,,,,,0,9,1
24,vincent_kibet_keter,2022-02-17,3:48.97,,,,,0,10,1
25,jakob_ingebrigtsen,2024-09-13,3:30.37,,,,,0,1,0
25,timothy_cheruiyot,2024-09-13,3:30.93,,,,,0,2,0
25,cole_hocker,2024-09-13,3:30.94,,,,,0,3,0
25,azeddine_habz,2024-09-13,3:31.97,,,,,0,4,0
25,jochem_vermeulen,2024-09-13,3:32.15,,,,,0,5,0
25,yared_nuguse,2024-09-13,3:32.30,,,,,0,6,0
25,reynold_cheruiyot,2024-09-13,3:32.50,,,,,0,7,0
25,narve_gilje_nordas,2024-09-13,3:33.02,,,,,0,8,0
25,brian_komen,2024-09-13,3:33.21,,,,,0,9,0
25,oliver_hoare,2024-09-13,3:34.13,,,,,0,10,0
25,elliot_giles,2024-09-13,3:34.76,,,,,0,11,0
26,azeddine_habz,2025-06-20,3:27.49,,,,,0,1,0
26,phanuel_kipkosgei_koech,2025-06-20,3:27.72,,,,,0,2,0
26,george_mills,2025-06-20,3:28.36 ,,,,,0,3,0
26,festus_lagat,2025-06-20,3:29.03 ,,,,,0,4,0
26,stefan_nillessen,2025-06-20,3:29.23 ,,,,,0,5,0
26,abel_kipsang,2025-06-20,3:29.46 ,,,,,0,6,0
26,flavien_szot,2025-06-20,3:30.74 ,,,,,0,7,0
26,ruben_verheyden,2025-06-20,3:30.99 ,,,,,0,8,0
26,tshepo_tshite,2025-06-20,3:31.35 ,,,,,0,9,0
26,pierrik_jocteurmonrozier,2025-06-20,3:31.51 ,,,,,0,10,0
26,romain_mornet,2025-06-20,3:31.62 ,,,,,0,11,0
26,paul_anselmini,2025-06-20,3:31.63 ,,,,,0,12,0
26,pieter_sisk,2025-06-20,3:31.85 ,,,,,0,13,0
26,louis_gilavert,2025-06-20,3:32.25 ,,,,,0,14,0
27,jakob_ingebrigtsen,2024-08-22,3:27.83,,,,,0,1,0
27,cole_hocker,2024-08-22,3:29.85,,,,,0,2,0
27,hobbs_kessler,2024-08-22,3:30.47,,,,,0,3,0
27,reynold_cheruiyot,2024-08-22,3:30.88,,,,,0,4,0
27,brian_komen,2024-08-22,3:31.41,,,,,0,5,0
27,jochem_vermeulen,2024-08-22,3:31.74,,,,,0,6,0
27,azeddine_habz,2024-08-22,3:31.89,,,,,0,7,0
27,stefan_nillessen,2024-08-22,3:32.16,,,,,0,8,0
27,isaac_nader,2024-08-22,3:32.49,,,,,0,9,0
27,dominic_lokinyomo_lobalu,2024-08-22,3:34.39,,,,,0,10,0
27,stewart_mcsweyn,2024-08-22,3:34.80,,,,,0,11,0
27,oliver_hoare,2024-08-22,3:36.03,,,,,0,12,0
27,george_mills,2024-08-22,3:36.80,,,,,0,13,0
28,cole_hocker,2024-06-24,3:30.59 ,,,,,0,1,0
28,yared_nuguse,2024-06-24,3:30.86 ,,,,,0,2,0
28,hobbs_kessler,2024-06-24,3:31.53 ,,,,,0,3,0
28,vincent_ciattei,2024-06-24,3:31.78 ,,,,,0,4,0
28,nathan_green,2024-06-24,3:32.20 ,,,,,0,5,0
28,henry_wynne,2024-06-24,3:32.94 ,,,,,0,6,0
28,joe_waskom,2024-06-24,3:33.74 ,,,,,0,7,0
28,elliott_cook,2024-06-24,3:33.84 ,,,,,0,8,0
28,craig_engels,2024-06-24,3:34.21 ,,,,,0,9,0
28,cooper_teare,2024-06-24,3:35.17,,,,,0,10,0
28,liam_murphy,2024-06-24,3:36.37 ,,,,,0,11,0
28,ethan_strand,2024-06-24,3:39.08,,,,,0,12,0
29,jakob_ingebrigtsen,2024-05-30,3:29.74,,,,,0,1,0
29,timothy_cheruiyot,2024-05-30,3:29.77,,,,,0,2,0
29,azeddine_habz,2024-05-30,3:30.80,,,,,0,3,0
29,isaac_nader,2024-05-30,3:30.84,,,,,0,4,0
29,elliot_giles,2024-05-30,3:31.06,,,,,0,5,0
29,oliver_hoare,2024-05-30,3:31.08,,,,,0,6,0
29,george_mills,2024-05-30,3:31.57,,,,,0,7,0
29,pietro_arese,2024-05-30,3:32.13,,,,,0,8,0
29,robert_farken,2024-05-30,3:32.20,,,,,0,9,0
29,andrew_coscoran,2024-05-30,3:32.68,,,,,0,10,0
29,adel_mechaal,2024-05-30,3:33.21,,,,,0,11,0
29,ryan_mphahlele,2024-05-30,3:33.85,,,,,0,12,0
29,narve_gilje_nordas,2024-05-30,3:34.86,,,,,0,13,0
29,stewart_mcsweyn,2024-05-30,3:38.22,,,,,0,14,0
30,jakob_ingebrigtsen,2023-09-16,3:27.12,,,,,0,1,0
30,yared_nuguse,2023-09-16,3:27.34,,,,,0,2,0
30,george_mills,2023-09-16,3:30.75,,,,,0,3,0
30,mario_garcia,2023-09-16,3:30.79,,,,,0,4,0
30,reynold_cheruiyot,2023-09-16,3:31.13,,,,,0,5,0
30,cole_hocker,2023-09-16,3:31.15,,,,,0,6,0
30,narve_gilje_nordas,2023-09-16,3:31.29,,,,,0,7,0
30,azeddine_habz,2023-09-16,3:31.66,,,,,0,8,0
30,niels_laros,2023-09-16,3:31.93,,,,,0,9,0
30,stewart_mcsweyn,2023-09-16,3:32.29,,,,,0,10,0
30,samuel_tanner,2023-09-16,3:32.47,,,,,0,11,0
30,elliot_giles,2023-09-16,3:34.43,,,,,0,12,0
30,abel_kipsang,2023-09-16,3:36.16,,,,,0,13,0
31,yared_nuguse,2023-07-08,3:34.90,,,,,0,1,0
31,joe_waskom,2023-07-08,3:35.32,,,,,0,2,0
31,cole_hocker,2023-07-08,3:35.46,,,,,0,3,0
31,samuel_prakel,2023-07-08,3:35.83,,,,,0,4,0
31,henry_wynne,2023-07-08,3:35.99,,,,,0,5,0
31,hobbs_kessler,2023-07-08,3:36.08,,,,,0,6,0
31,nathan_green,2023-07-08,3:36.29,,,,,0,7,0
31,drew_hunter,2023-07-08,3:36.51,,,,,0,8,0
31,john_gregorek,2023-07-08,3:36.56,,,,,0,9,0
31,matthew_centrowitz,2023-07-08,3:37.23,,,,,0,10,0
31,josh_thompson,2023-07-08,3:37.34,,,,,0,11,0
31,eric_holt,2023-07-08,3:37.63,,,,,0,12,0
32,timothy_cheruiyot,2023-05-27,3:31.47,,,,,0,1,0
32,reynold_cheruiyot,2023-05-27,3:32.01,,,,,0,2,0
32,hobbs_kessler,2023-05-27,3:32.61,,,,,0,3,0
32,cooper_teare,2023-05-27,3:32.74,,,,,0,4,0
32,vincent_kibet_keter,2023-05-27,3:33.16,,,,,0,5,0
32,samuel_prakel,2023-05-27,3:35.78,,,,,0,6,0
32,john_gregorek,2023-05-27,3:36.24,,,,,0,7,0
32,matthew_centrowitz,2023-05-27,3:36.64,,,,,0,8,0
32,andrew_hunter,2023-05-27,3:37.54,,,,,0,9,0
32,charlie_hunter,2023-05-27,3:38.48,,,,,0,10,0
32,tolesa_bodena,2023-05-27,3:39.67,,,,,0,11,0
32,paul_ryan,2023-05-27,3:40.79,,,,,0,12,0
32,amos_bartelsmeyer,2023-05-27,3:45.85,,,,,0,13,0
32,josh_thompson,2023-05-27,3:51.38,,,,,0,14,0
33,oliver_hoare,2024-05-17,3:34.73,,,,,0,1,0
33,reynold_cheruiyot,2024-05-17,3:34.83,,,,,0,2,0
33,matthew_centrowitz,2024-05-17,3:35.16,,,,,0,3,0
33,henry_wynne,2024-05-17,3:35.24,,,,,0,4,0
33,jesse_hunt,2024-05-17,3:35.38,,,,,0,5,0
33,samuel_prakel,2024-05-17,3:35.52,,,,,0,6,0
33,vincent_ciattei,2024-05-17,3:35.55,,,,,0,7,0
33,cameron_myers,2024-05-17,3:35.59,,,,,0,8,0
33,adam_fogg,2024-05-17,3:35.82,,,,,0,9,0
33,eric_holt,2024-05-17,3:35.86,,,,,0,10,0
33,craig_engels,2024-05-17,3:36.04,,,,,0,11,0
33,amon_kemboi,2024-05-17,3:36.69,,,,,0,12,0
33,melese_nberet,2024-05-17,3:37.49,,,,,0,13,0
33,abel_kipsang,2024-05-17,3:37.54,,,,,0,14,0
33,josh_thompson,2024-05-17,3:37.59,,,,,0,15,0
34,andrew_coscoran,2023-06-04,3:37.97,,,,,0,1,0
34,elliot_giles,2023-06-04,3:38.00,,,,,0,2,0
34,jye_edwards,2023-06-04,3:38.24,,,,,0,3,0
34,niels_laros,2023-06-04,3:38.34,,,,,0,4,0
34,salim_keddar,2023-06-04,3:38.41,,,,,0,5,0
34,luke_mccann,2023-06-04,3:38.62,,,,,0,6,0
34,matthew_stonier,2023-06-04,3:38.71,,,,,0,7,0
34,jimmy_gressier,2023-06-04,3:38.94,,,,,0,8,0
34,ermias_girma,2023-06-04,3:39.94,,,,,0,9,0
34,matthew_ramsden,2023-06-04,3:40.21,,,,,0,10,0
34,ruben_verheyden,2023-06-04,3:40.22,,,,,0,11,0
34,tim_verbaandert,2023-06-04,3:40.38,,,,,0,12,0
34,noah_baltus,2023-06-04,3:41.32,,,,,0,13,0
34,jochem_vermeulen,2023-06-04,3:41.44,,,,,0,14,0
34,ismael_debjani,2023-06-04,3:43.73,,,,,0,15,0
35,jakob_ingebrigtsen,2023-05-28,3:32.59,,,,,0,1,0
35,yared_nuguse,2023-05-28,3:33.02,,,,,0,2,0
35,oliver_hoare,2023-05-28,3:33.39,,,,,0,3,0
35,azeddine_habz,2023-05-28,3:33.90,,,,,0,4,0
35,abel_kipsang,2023-05-28,3:34.46,,,,,0,5,0
35,mario_garcia,2023-05-28,3:34.69,,,,,0,6,0
35,hicham_akankam,2023-05-28,3:36.75,,,,,0,7,0
35,michal_rozmys,2023-05-28,3:37.22,,,,,0,8,0
35,abdellatif_sadiki,2023-05-28,3:37.98,,,,,0,9,0
35,charles_cheboi_simotwo,2023-05-28,3:38.53,,,,,0,10,0
35,hafid_rizqy,2023-05-28,3:38.80,,,,,0,11,0
35,elhassane_moujahid,2023-05-28,3:38.89,,,,,0,12,0
35,filip_ingebrigtsen,2023-05-28,3:39.28,,,,,0,13,0
36,yared_nuguse,2024-02-11,3:30.91,,,,,0,1,1
36,hobbs_kessler,2024-02-11,3:31.68,,,,,0,2,1
36,george_mills,2024-02-11,3:31.93,,,,,0,3,1
36,adam_fogg,2024-02-11,3:32.57,,,,,0,4,1
36,casey_comber,2024-02-11,3:34.70,,,,,0,5,1
36,adam_spencer,2024-02-11,3:35.42,,,,,0,6,1
36,charles_philibertthiboutot,2024-02-11,3:35.81,,,,,0,7,1
36,cooper_teare,2024-02-11,3:36.08,,,,,0,8,1
36,liam_murphy,2024-02-11,3:36.59,,,,,0,9,1
36,mario_garcia,2024-02-11,3:36.77,,,,,0,10,1
36,samuel_prakel,2024-02-11,3:37.64,,,,,0,11,1
36,andrew_coscoran,2024-02-11,3:42.82,,,,,0,12,1
37,hobbs_kessler,2024-02-04,3:33.66,,,,,0,1,1
37,jake_wightman,2024-02-04,3:34.06,,,,,0,2,1
37,craig_engels,2024-02-04,3:37.04,,,,,0,3,1
37,samuel_prakel,2024-02-04,3:37.24,,,,,0,4,1
37,vincent_ciattei,2024-02-04,3:37.33,,,,,0,5,1
37,ignacio_fontes,2024-02-04,3:37.59,,,,,0,6,1
37,kieran_lumb,2024-02-04,3:37.75,,,,,0,7,1
37,yohanes_asmare,2024-02-04,3:38.35,,,,,0,8,1
37,thomas_keen,2024-02-04,3:38.40,,,,,0,9,1
37,samuel_zeleke,2024-02-04,3:39.32,,,,,0,10,1
37,benoit_campion,2024-02-04,3:40.01,,,,,0,11,1
38,oliver_hoare,2022-08-06,3:30.12,,,,,0,1,0
38,timothy_cheruiyot,2022-08-06,3:30.21,,,,,0,2,0
38,jake_wightman,2022-08-06,3:30.53,,,,,0,3,0
38,abel_kipsang,2022-08-06,3:30.82,,,,,0,4,0
38,jake_heyward,2022-08-06,3:31.08,,,,,0,5,0
38,samuel_tanner,2022-08-06,3:31.34,,,,,0,6,0
38,matthew_stonier,2022-08-06,3:32.50,,,,,0,7,0
38,neil_gourley,2022-08-06,3:32.93,,,,,0,8,0
38,elliot_giles,2022-08-06,3:33.56,,,,,0,9,0
38,william_paulson,2022-08-06,3:33.97,,,,,0,10,0
38,ryan_mphahlele,2022-08-06,3:34.66,,,,,0,11,0
38,josh_kerr,2022-08-06,3:35.72,,,,,0,12,0
39,neil_gourley,2023-07-09,3:46.16,,,,,0,1,0
39,elliot_giles,2023-07-09,3:46.48,,,,,0,2,0
39,george_mills,2023-07-09,3:46.57,,,,,0,3,0
39,matthew_stonier,2023-07-09,3:46.95,,,,,0,4,0
39,adam_fogg,2023-07-09,3:47.12,,,,,0,5,0
39,piers_copeland,2023-07-09,3:47.33,,,,,0,6,0
39,thomas_keen,2023-07-09,3:47.58,,,,,0,7,0
39,callum_elson,2023-07-09,3:47.71,,,,,0,8,0
39,michael_wilson,2023-07-09,3:49.02,,,,,0,9,0
39,james_young,2023-07-09,3:49.21,,,,,0,10,0
39,james_gormley,2023-07-09,3:49.70,,,,,0,11,0
39,james_heneghan,2023-07-09,3:50.85,,,,,0,12,0
39,tyler_bilyard,2023-07-09,3:51.08,,,,,0,13,0
39,kieran_reilly,2023-07-09,3:51.88,,,,,0,14,0
40,nathan_green,2023-06-09,3:42.78,,,,,0,1,0
40,joe_waskom,2023-06-09,3:42.93,,,,,0,2,0
40,adam_spencer,2023-06-09,3:42.98,,,,,0,3,0
40,anass_essayi,2023-06-09,3:43.31,,,,,0,4,0
40,isaac_basten,2023-06-09,3:43.33,,,,,0,5,0
40,jesse_hunt,2023-06-09,3:43.40,,,,,0,6,0
40,ezekiel_rop,2023-06-09,3:43.59,,,,,0,7,0
40,evan_dorenkamp,2023-06-09,3:44.20,,,,,0,8,0
40,fouad_messaoudi,2023-06-09,3:44.41,,,,,0,9,0
40,luke_houser,2023-06-09,3:44.61,,,,,0,10,0
40,liam_murphy,2023-06-09,3:45.72,,,,,0,11,0
40,ethan_strand,2023-06-09,3:47.01,,,,,0,12,0
41,cole_hocker,2021-06-27,3:35.28,,,,,0,1,0
41,matthew_centrowitz,2021-06-27,3:35.34,,,,,0,2,0
41,yared_nuguse,2021-06-27,3:36.19,,,,,0,3,0
41,craig_engels,2021-06-27,3:36.69,,,,,0,4,0
41,henry_wynne,2021-06-27,3:37.70,,,,,0,5,0
41,josh_thompson,2021-06-27,3:37.73,,,,,0,6,0
41,eric_avila,2021-06-27,3:38.20,,,,,0,7,0
41,colby_alexander,2021-06-27,3:38.29,,,,,0,8,0
41,samuel_prakel,2021-06-27,3:38.67,,,,,0,9,0
41,vincent_ciattei,2021-06-27,3:39.02,,,,,0,10,0
41,waleed_suliman,2021-06-27,3:40.08,,,,,0,11,0
41,david_ribich,2021-06-27,3:44.43,,,,,0,12,0
42,cole_hocker,2021-06-11,3:35.35,,,,,0,1,0
42,yared_nuguse,2021-06-12,3:35.60,,,,,0,2,0
42,waleed_suliman,2021-06-13,3:37.30,,,,,0,3,0
42,eliud_kipsang,2021-06-14,3:38.18,,,,,0,4,0
42,mario_garciaromo,2021-06-15,3:38.66,,,,,0,5,0
42,jack_salisbury,2021-06-16,3:40.06,,,,,0,6,0
42,diego_zarate,2021-06-17,3:40.12,,,,,0,7,0
42,paul_ryan,2021-06-18,3:40.50,,,,,0,8,0
42,talem_franco,2021-06-19,3:40.61,,,,,0,9,0
42,sam_tanner,2021-06-20,3:41.78,,,,,0,10,0
42,aj_ernst,2021-06-21,3:43.14,,,,,0,11,0
42,isaac_basten,2021-06-22,3:46.12,,,,,0,12,0
43,cole_hocker,2024-02-17,3:37.51,,,,,0,1,1
43,hobbs_kessler,2024-02-17,3:38.76,,,,,0,2,1
43,henry_wynne,2024-02-17,3:38.81,,,,,0,3,1
43,cooper_teare,2024-02-17,3:38.99,,,,,0,4,1
43,vincent_ciattei,2024-02-17,3:39.03,,,,,0,5,1
43,samuel_prakel,2024-02-17,3:40.04,,,,,0,6,1
43,casey_comber,2024-02-17,3:40.06,,,,,0,7,1
43,samuel_ellis,2024-02-17,3:41.76,,,,,0,8,1
43,john_reniewicki,2024-02-17,3:43.44,,,,,0,9,1
43,craig_engels,2024-02-17,3:44.59,,,,,0,10,1
43,eric_holt,2024-02-17,3:44.97,,,,,0,11,1
43,josh_thompson,2024-02-17,3:54.25,,,,,0,12,1
44,cooper_teare,2022-06-25,3:45.86,,,,,0,1,0
44,jonathan_davis,2022-06-25,3:46.01,,,,,0,2,0
44,josh_thompson,2022-06-25,3:46.07,,,,,0,3,0
44,eric_holt,2022-06-25,3:46.15,,,,,0,4,0
44,reed_brown,2022-06-25,3:46.28,,,,,0,5,0
44,john_gregorek,2022-06-25,3:46.36,,,,,0,6,0
44,brett_meyer,2022-06-25,3:46.38,,,,,0,7,0
44,samuel_prakel,2022-06-25,3:46.49,,,,,0,8,0
44,paul_ryan,2022-06-25,3:46.60,,,,,0,9,0
44,isaac_basten,2022-06-25,3:47.19,,,,,0,10,0
44,yared_nuguse,2022-06-25,3:47.46,,,,,0,11,0
44,henry_wynne,2022-06-25,3:48.03,,,,,0,12,0
45,joe_waskom,2022-06-10,3:45.58,,,,,0,1,0
45,mario_garciaromo,2022-06-10,3:45.69,,,,,0,2,0
45,samuel_ellis,2022-06-10,3:45.82,,,,,0,3,0
45,thomas_vanoppen,2022-06-10,3:46.03,,,,,0,4,0
45,luke_houser,2022-06-10,3:46.13,,,,,0,5,0
45,jonathan_davis,2022-06-10,3:46.15,,,,,0,6,0
45,nathan_green,2022-06-10,3:46.26,,,,,0,7,0
45,adam_spencer,2022-06-10,3:46.28,,,,,0,8,0
45,john_petruno,2022-06-10,3:46.56,,,,,0,9,0
45,isaac_basten,2022-06-10,3:46.67,,,,,0,10,0
45,george_kusche,2022-06-10,3:47.20,,,,,0,11,0
45,ryan_schoppe,2022-06-10,3:47.68,,,,,0,12,0
46,joe_waskom,2024-06-07,3:39.48,,,,,0,1,0
46,elliott_cook,2024-06-07,3:39.57,,,,,0,2,0
46,adam_spencer,2024-06-07,3:39.80,,,,,0,3,0
46,colin_sahlman,2024-06-07,3:39.92,,,,,0,4,0
46,damien_dilcher,2024-06-07,3:40.24,,,,,0,5,0
46,wes_porter,2024-06-07,3:40.39,,,,,0,6,0
46,ezekiel_rop,2024-06-07,3:40.50,,,,,0,7,0
46,anass_essayi,2024-06-07,3:40.81,,,,,0,8,0
46,ethan_strand,2024-06-07,3:40.90,,,,,0,9,0
46,nathan_green,2024-06-07,3:40.98,,,,,0,10,0
46,liam_murphy,2024-06-07,3:42.90,,,,,0,11,0
46,luke_houser,2024-06-07,3:48.86,,,,,0,12,0
47,luke_houser,2024-03-09,3:43.77,,,,,0,1,1
47,adam_spencer,2024-03-09,3:43.96,,,,,0,2,1
47,lucas_bons,2024-03-09,3:44.14,,,,,0,3,1
47,ethan_strand,2024-03-09,3:44.44,,,,,0,4,1
47,abel_teffra,2024-03-09,3:44.55,,,,,0,5,1
47,colin_sahlman,2024-03-09,3:44.56,,,,,0,6,1
47,parvej_khan,2024-03-09,3:45.00,,,,,0,7,1
47,joe_waskom,2024-03-09,3:45.20,,,,,0,8,1
47,nick_foster,2024-03-09,3:47.11,,,,,0,9,1
47,gary_martin,2024-03-09,3:53.70,,,,,0,10,1
48,charles_cheboi_simotwo,2021-06-19,3:32.75,,,,,0,1,0
48,kamar_etyang,2021-06-19,3:33.02,,,,,0,2,0
48,abel_kipsang,2021-06-19,3:33.12,,,,,0,3,0
48,timothy_cheruiyot,2021-06-19,3:34.36,,,,,0,4,0
49,timothy_cheruiyot,2023-07-08,3:34.01,,,,,0,1,0
49,abel_kipsang,2023-07-08,3:34.30,,,,,0,2,0
49,reynold_cheruiyot,2023-07-08,3:34.34,,,,,0,3,0
50,jake_wightman,2022-06-25,3:40.26,,,,,0,1,0
50,neil_gourley,2022-06-25,3:40.38,,,,,0,2,0
50,josh_kerr,2022-06-25,3:40.63,,,,,0,3,0
50,jake_heyward,2022-06-25,3:40.66,,,,,0,4,0
50,george_mills,2022-06-25,3:41.98,,,,,0,5,0
50,matthew_stonier,2022-06-25,3:42.44,,,,,0,6,0
50,james_young,2022-06-25,3:44.61,,,,,0,7,0
50,thomas_keen,2022-06-25,3:45.99,,,,,0,8,0
50,callum_elson,2022-06-25,3:48.62,,,,,0,9,0
50,john_howorth,2022-06-25,3:52.47,,,,,0,10,0
50,james_west,2022-06-25,3:52.65,,,,,0,11,0
50,michael_wilson,2022-06-25,3:44.80,,,,,0,12,0
51,brian_komen,2024-05-10,3:32.43,,,,,0,1,0
51,timothy_cheruiyot,2024-05-10,3:32.67 ,,,,,0,2,0
51,reynold_cheruiyot,2024-05-10,3:32.96,,,,,0,3,0
51,isaac_nader,2024-05-10,3:33.50 ,,,,,0,4,0
51,elliot_giles,2024-05-10,3:33.61 ,,,,,0,5,0
51,narve_gilje_nordas,2024-05-10,3:33.87 ,,,,,0,6,0
51,andrew_coscoran,2024-05-10,3:34.25 ,,,,,0,7,0
51,kieran_lumb,2024-05-10,3:34.41 ,,,,,0,8,0
51,adel_mechaal,2024-05-10,3:35.12 ,,,,,0,9,0
51,andreas_almgren,2024-05-10,3:35.22 ,,,,,0,10,0
51,samuel_tefera,2024-05-10,3:35.58,,,,,0,11,0
51,robert_farken,2024-05-10,3:35.59,,,,,0,12,0
51,abel_kipsang,2024-05-10,3:35.67 ,,,,,0,13,0
51,abdirahman_saeed_hassan,2024-05-10,3:37.69 ,,,,,0,14,0
52,azeddine_habz,2024-05-19,3:32.86,,,,,0,1,0
52,george_mills,2024-05-19,3:33.47,,,,,0,2,0
52,elliot_giles,2024-05-19,3:33.50,,,,,0,3,0
52,lamecha_girma,2024-05-19,3:33.54,,,,,0,4,0
52,adel_mechaal,2024-05-19,3:34.22,,,,,0,5,0
52,hafid_rizqy,2024-05-19,3:34.52,,,,,0,6,0
52,teddese_lemi,2024-05-19,3:34.83,,,,,0,7,0
52,tshepo_tshite,2024-05-19,3:35.21,,,,,0,8,0
52,kuma_girma,2024-05-19,3:36.60,,,,,0,9,0
52,elhassane_moujahid,2024-05-19,3:37.01,,,,,0,10,0
52,ryan_mphahlele,2024-05-19,3:39.34,,,,,0,11,0
52,abdellatif_sadiki,2024-05-19,3:40.38,,,,,0,12,0
52,charles_grethen,2024-05-19,3:40.90,,,,,0,13,0
52,vincent_kibet_keter,2024-05-19,3:46.75,,,,,0,14,0
53,federico_riva,2024-05-28,3:33.53,,,,,0,1,0
53,raphael_pallitsch,2024-05-28,3:33.59,,,,,0,2,0
53,luke_mccann,2024-05-28,3:34.32,,,,,0,3,0
53,charles_philibertthiboutot,2024-05-28,3:34.50,,,,,0,4,0
53,ermias_girma,2024-05-28,3:34.77,,,,,0,5,0
53,maciej_wyderka,2024-05-28,3:35.09,,,,,0,6,0
53,bastien_augusto,2024-05-28,3:35.25,,,,,0,7,0
53,samuel_pihlstrom,2024-05-28,3:35.26,,,,,0,8,0
53,marius_probst,2024-05-28,3:35.94,,,,,0,9,0
53,filip_ostrowski,2024-05-28,3:36.70,,,,,0,10,0
53,elzan_bibc,2024-05-28,3:37.25,,,,,0,11,0
53,nico_boketta,2024-05-28,3:37.28,,,,,0,12,0
53,jan_fris,2024-05-28,3:37.82,,,,,0,13,0
53,filip_rak,2024-05-28,3:38.12,,,,,0,14,0
53,tomas_habarta,2024-05-28,3:39.16,,,,,0,15,0
54,robert_farken,2024-06-02,3:33.53,,,,,0,1,0
54,luke_mccann,2024-06-02,3:33.66,,,,,0,2,0
54,federico_riva,2024-06-02,3:33.87,,,,,0,3,0
54,mael_gouyette,2024-06-02,3:34.12,,,,,0,4,0
54,samuel_pihlstrom,2024-06-02,3:34.51,,,,,0,5,0
54,ossama_meslek,2024-06-02,3:34.69,,,,,0,6,0
54,charles_philibertthiboutot,2024-06-02,3:34.95,,,,,0,7,0
54,noah_baltus,2024-06-02,3:35.07,,,,,0,8,0
54,hafid_rizqy,2024-06-02,3:35.14,,,,,0,9,0
54,teddese_lemi,2024-06-02,3:35.24,,,,,0,10,0
54,adam_fogg,2024-06-02,3:35.50,,,,,0,11,0
54,jonathan_grahn,2024-06-02,3:38.02,,,,,0,12,0
54,charles_grethen,2024-06-02,3:45.36,,,,,0,13,0
55,jakob_ingebrigtsen,2022-05-28,3:32.70,,,,,0,1,0
55,oliver_hoare,2022-05-28,3:33.53,,,,,0,2,0
55,timothy_cheruiyot,2022-05-28,3:33.64,,,,,0,3,0
55,abel_kipsang,2022-05-28,3:33.73,,,,,0,4,0
55,cole_hocker,2022-05-28,3:33.82,,,,,0,5,0
55,cooper_teare,2022-05-28,3:34.50,,,,,0,6,0
55,jake_heyward,2022-05-28,3:34.77,,,,,0,7,0
55,william_paulson,2022-05-28,3:35.16,,,,,0,8,0
55,charles_philibertthiboutot,2022-05-28,3:36.46,,,,,0,9,0
55,ignacio_fontes,2022-05-28,3:36.98,,,,,0,10,0
55,filip_ingebrigtsen,2022-05-28,3:37.79,,,,,0,11,0
55,vincent_kibet_keter,2022-05-28,3:37.93,,,,,0,12,0
55,colin_sahlman,2022-05-28,3:38.70,,,,,0,13,0
55,clayton_murphy,2022-05-28,3:39.55,,,,,0,14,0
56,jakob_ingebrigtsen,2021-08-21,3:30.37,,,,,0,1,0
56,stewart_mcsweyn,2021-08-21,3:31.44,,,,,0,2,0
56,timothy_cheruiyot,2021-08-21,3:34.01,,,,,0,3,0
56,ronald_kwemoi,2021-08-21,3:34.14,,,,,0,4,0
56,oliver_hoare,2021-08-21,3:34.43,,,,,0,5,0
56,jake_heyward,2021-08-21,3:34.91,,,,,0,6,0
56,abel_kipsang,2021-08-21,3:34.96,,,,,0,7,0
56,filip_ingebrigtsen,2021-08-21,3:35.67,,,,,0,8,0
56,matthew_centrowitz,2021-08-21,3:36.00,,,,,0,9,0
56,mohammed_ahmed,2021-08-21,3:36.51,,,,,0,10,0
56,matthew_ramsden,2021-08-21,3:36.60,,,,,0,11,0
57,jakob_ingebrigtsen,2022-06-16,3:29.65,,,,,0,1,0
57,oliver_hoare,2022-06-17,3:30.59,,,,,0,2,0
57,jake_wightman,2022-06-18,3:33.20,,,,,0,3,0
57,neil_gourley,2022-06-19,3:35.62,,,,,0,4,0
57,charles_grethen,2022-06-20,3:35.89,,,,,0,5,0
57,ignacio_fontes,2022-06-21,3:37.29,,,,,0,6,0
57,michal_rozmys,2022-06-22,3:37.67,,,,,0,7,0
57,samuel_zeleke,2022-06-23,3:37.77,,,,,0,8,0
57,ferdinand_kvan_edman,2022-06-24,3:38.25,,,,,0,9,0
57,matthew_ramsden,2022-06-25,3:39.51,,,,,0,10,0
58,jakob_ingebrigtsen,2022-08-26,3:29.05 ,,,,,0,1,0
58,abel_kipsang,2022-08-26,3:29.93 ,,,,,0,2,0
58,stewart_mcsweyn,2022-08-26,3:30.18 ,,,,,0,3,0
58,josh_kerr,2022-08-26,3:32.28,,,,,0,4,0
58,michal_rozmys,2022-08-26,3:32.43 ,,,,,0,5,0
58,mario_garcia,2022-08-26,3:32.71,,,,,0,6,0
58,timothy_cheruiyot,2022-08-26,3:32.91,,,,,0,7,0
58,samuel_tanner,2022-08-26,3:33.67,,,,,0,8,0
58,jake_heyward,2022-08-26,3:34.99,,,,,0,9,0
58,matthew_stonier,2022-08-26,3:35.57,,,,,0,10,0
58,abdellatif_sadiki,2022-08-26,3:37.41,,,,,0,11,0
58,oliver_hoare,2022-08-26,3:37.81,,,,,0,12,0
58,gonzalo_garcia,2022-08-26,3:38.64,,,,,0,13,0
59,jakob_ingebrigtsen,2022-09-08,3:29.02,,,,,0,1,0
59,timothy_cheruiyot,2022-09-08,3:30.27,,,,,0,2,0
59,oliver_hoare,2022-09-08,3:30.59,,,,,0,3,0
59,abel_kipsang,2022-09-08,3:31.36,,,,,0,4,0
59,stewart_mcsweyn,2022-09-08,3:31.45,,,,,0,5,0
59,josh_kerr,2022-09-08,3:31.85,,,,,0,6,0
59,charles_grethen,2022-09-08,3:33.16,,,,,0,7,0
59,abdellatif_sadiki,2022-09-08,3:34.12,,,,,0,8,0
59,jake_heyward,2022-09-08,3:34.27,,,,,0,9,0
59,michal_rozmys,2022-09-08,3:34.80,,,,,0,10,0
60,yared_nuguse,2025-09-07,3:31.07,,,,,0,1,0
60,parker_wolfe,2025-09-07,3:32.00,,,,,0,2,0
60,drew_hunter,2025-09-07,3:32.00,,,,,0,3,0
60,nick_griggs,2025-09-07,3:32.00,,,,,0,4,0
60,festus_lagat,2025-09-07,3:32.00,,,,,0,5,0
60,amon_kemboi,2025-09-07,3:32.92,,,,,0,6,0
60,cooper_teare,2025-09-07,3:32.92,,,,,0,7,0
60,sam_prakel,2025-09-07,3:32.92,,,,,0,8,0
60,hobbs_kessler,2025-09-07,3:32.92,,,,,0,9,0
60,eric_holt,2025-09-07,3:33.85,,,,,0,10,0
60,falvien_szot,2025-09-07,3:34.78,,,,,0,11,0
60,josh_hoey,2025-09-07,3:34.78,,,,,0,12,0
60,stewart_mcsweyn,2025-09-07,3:35.70,,,,,0,13,0
60,waleed_suliman,2025-09-07,3:35.70,,,,,0,14,0
60,brannon_kidder,2025-09-07,3:35.70,,,,,0,15,0
60,kasey_knevelbaard,2025-09-07,3:35.70,,,,,0,16,0
60,thomas_keen,2025-09-07,3:36.63,,,,,0,17,0
60,evan_jager,2025-09-07,3:37.55,,,,,0,18,0
60,henry_mcluckie,2025-09-07,3:38.48,,,,,0,19,0
61,yared_nuguse,2023-02-11,3:30.50,,,,,0,1,1
61,neil_gourley,2023-02-11,3:32.42,,,,,0,2,1
61,oliver_hoare,2023-02-11,3:33.69,,,,,0,3,1
61,samuel_tanner,2023-02-11,3:34.50,,,,,0,4,1
61,mario_garcia,2023-02-11,3:34.58,,,,,0,5,1
61,john_gregorek,2023-02-11,3:34.61,,,,,0,6,1
61,josh_thompson,2023-02-11,3:35.23,,,,,0,7,1
61,luke_mccann,2023-02-11,3:35.21,,,,,0,8,1
61,samuel_prakel,2023-02-11,3:36.92,,,,,0,9,1
61,andrew_hunter,2023-02-11,3:38.03,,,,,0,10,1
61,eric_holt,2023-02-11,3:40.92,,,,,0,11,1
62,yared_nuguse,2022-08-05,3:36.02,,,,,0,1,0
62,festus_lagat,2022-08-05,3:36.65,,,,,0,2,0
62,sean_mcgorty,2022-08-05,3:37.10,,,,,0,3,0
62,vincent_ciattei,2022-08-05,3:37.36,,,,,0,4,0
62,robert_heppenstall,2022-08-05,3:37.69,,,,,0,5,0
62,jye_edwards,2022-08-05,3:38.39,,,,,0,6,0
62,rorey_hunter,2022-08-05,3:38.72,,,,,0,7,0
62,paul_ryan,2022-08-05,3:38.93,,,,,0,8,0
62,samuel_prakel,2022-08-05,3:39.02,,,,,0,9,0
62,dan_michalski,2022-08-05,3:39.64,,,,,0,10,0
62,alec_basten,2022-08-05,3:40.84,,,,,0,11,0
62,benjamin_allen,2022-08-05,3:41.63,,,,,0,12,0
62,jonathan_davis,2022-08-05,3:42.76,,,,,0,13,0
62,matt_wisner,2022-08-05,3:43.12,,,,,0,14,0
62,amos_bartelsmeyer,2022-08-05,3:46.81,,,,,0,15,0
63,yared_nuguse,2023-02-22,3:33.69,,,,,0,1,1
63,mohamed_katir,2023-02-22,3:34.32,,,,,0,2,1
63,adel_mechaal,2023-02-22,3:34.82,,,,,0,3,1
63,grant_fisher,2023-02-22,3:34.99,,,,,0,4,1
63,mario_garcia,2023-02-22,3:36.72,,,,,0,5,1
63,jesus_gomez,2023-02-22,3:37.05,,,,,0,6,1
63,charles_grethen,2023-02-22,3:37.09,,,,,0,7,1
63,simon_denissel,2023-02-22,3:40.09,,,,,0,8,1
63,pietro_arese,2023-02-22,3:40.48,,,,,0,9,1
63,alvaro_dearriba,2023-02-22,3:41.03,,,,,0,10,1
63,mohamed_attaoui,2023-02-22,3:43.92,,,,,0,11,1
64,yared_nuguse,2022-06-11,3:34.98,,,,,0,1,0
64,john_gregorek,2022-06-11,3:35.29,,,,,0,2,0
64,grant_fisher,2022-06-11,3:35.53,,,,,0,3,0
64,charles_philibertthiboutot,2022-06-11,3:35.80,,,,,0,4,0
64,paul_ryan,2022-06-11,3:35.82,,,,,0,5,0
64,vincent_ciattei,2022-06-11,3:36.08,,,,,0,6,0
64,cameron_proceviat,2022-06-11,3:36.09,,,,,0,7,0
64,josh_thompson,2022-06-11,3:36.29,,,,,0,8,0
64,colby_alexander,2022-06-11,3:36.76,,,,,0,9,0
64,sean_mcgorty,2022-06-11,3:36.85,,,,,0,10,0
64,hobbs_kessler,2022-06-11,3:37.28,,,,,0,11,0
64,rob_heppenstall,2022-06-11,3:37.51,,,,,0,12,0
65,craig_engels,2021-05-29,3:33.64,,,,,0,1,0
65,charlie_grice,2021-05-29,3:33.81,,,,,0,2,0
65,jake_heyward,2021-05-29,3:33.99,,,,,0,3,0
65,henry_wynne,2021-05-29,3:34.08,,,,,0,4,0
65,hobbs_kessler,2021-05-29,3:34.36,,,,,0,5,0
65,vincent_ciattei,2021-05-29,3:34.57,,,,,0,6,0
65,amos_bartelsmeyer,2021-05-29,3:35.24,,,,,0,7,0
65,william_paulson,2021-05-29,3:35.42,,,,,0,8,0
65,mason_ferlic,2021-05-29,3:35.45,,,,,0,9,0
65,eric_avila,2021-05-29,3:35.60,,,,,0,10,0
65,josh_thompson,2021-05-29,3:35.88,,,,,0,11,0
65,nanami_arai,2021-05-29,3:37.05,,,,,0,12,0
66,hobbs_kessler,2025-02-23,3:38.82,,,,,0,1,1
66,samuel_prakel,2025-02-23,3:39.14,,,,,0,2,1
66,luke_houser,2025-02-23,3:39.27,,,,,0,3,1
66,vincent_ciattei,2025-02-23,3:39.62,,,,,0,4,1
66,benjamin_allen,2025-02-23,3:40.20,,,,,0,5,1
66,henry_wynne,2025-02-23,3:41.25,,,,,0,6,1
66,aidan_ryan,2025-02-23,3:41.26,,,,,0,7,1
66,derek_johnson,2025-02-23,3:42.52,,,,,0,8,1
66,yasin_sado,2025-02-23,3:43.43,,,,,0,9,1
66,damien_dilcher,2025-02-23,3:43.81,,,,,0,10,1
66,joseph_waskom,2025-02-23,3:44.60,,,,,0,11,1
66,eric_holt,2025-02-23,3:48.59,,,,,0,12,1
67,jake_wightman,2024-06-09,3:34.01 ,,,,,0,1,0
67,eric_holt,2024-06-09,3:34.05 ,,,,,0,2,0
67,hobbs_kessler,2024-06-09,3:34.41,,,,,0,3,0
67,vincent_ciattei,2024-06-09,3:34.62 ,,,,,0,4,0
67,grant_fisher,2024-06-09,3:34.90 ,,,,,0,5,0
67,eduardo_herrera,2024-06-09,3:35.29 ,,,,,0,6,0
67,luke_mccann,2024-06-09,3:35.51,,,,,0,7,0
67,jesse_hunt,2024-06-09,3:36.17,,,,,0,8,0
67,morgan_beadlescomb,2024-06-09,3:36.43,,,,,0,9,0
67,abdihamid_nur,2024-06-09,3:38.49,,,,,0,10,0
67,ben_flanagan,2024-06-09,3:39.38 ,,,,,0,11,0
67,mason_ferlic,2024-06-09,3:40.23,,,,,0,12,0
68,timothy_cheruiyot,2023-05-27,3:31.47,,,,,0,1,0
68,reynold_cheruiyot,2023-05-27,3:32.01,,,,,0,2,0
68,hobbs_kessler,2023-05-27,3:32.61,,,,,0,3,0
68,cooper_teare,2023-05-27,3:32.74,,,,,0,4,0
68,vincent_keter,2023-05-27,3:33.16,,,,,0,5,0
68,samuel_prakel,2023-05-27,3:35.78,,,,,0,6,0
68,john_gregorek,2023-05-27,3:36.24,,,,,0,7,0
68,matthew_centrowitz,2023-05-27,3:36.64,,,,,0,8,0
68,andrew_hunter,2023-05-27,3:37.54,,,,,0,9,0
68,charlie_hunter,2023-05-27,3:38.48,,,,,0,10,0
68,tolesa_bodena,2023-05-27,3:39.67,,,,,0,11,0
68,paul_ryan,2023-05-27,3:40.79,,,,,0,12,0
68,amos_bartelsmeyer,2023-05-27,3:45.85,,,,,0,13,0
68,josh_thompson,2023-05-27,3:51.38,,,,,0,14,0
69,josh_kerr,2023-09-10,3:33.65,,,,,0,1,0
69,george_mills,2023-09-10,3:35.50,,,,,0,2,0
69,geordie_beamish,2023-09-10,3:35.50,,,,,0,3,0
69,vincent_ciattei,2023-09-10,3:36.42,,,,,0,4,0
69,azeddine_habz,2023-09-10,3:36.42,,,,,0,5,0
69,samuel_prakel,2023-09-10,3:36.42,,,,,0,6,0
69,john_gregorek,2023-09-10,3:37.35,,,,,0,7,0
69,kasey_knevelbaard,2023-09-10,3:37.35,,,,,0,8,0
69,cooper_teare,2023-09-10,3:38.28,,,,,0,9,0
69,henry_wynne,2023-09-10,3:38.28,,,,,0,10,0
69,amon_kemboi,2023-09-10,3:39.20,,,,,0,11,0
69,thomas_ratcliffe,2023-09-10,3:39.20,,,,,0,12,0
69,morgan_beadlescomb,2023-09-10,3:40.12,,,,,0,13,0
69,woody_kincaid,2023-09-10,3:41.05,,,,,0,14,0
69,eric_holt,2023-09-10,3:41.05,,,,,0,15,0
69,james_west,2023-09-10,3:42.91,,,,,0,16,0
69,olin_hacker,2023-09-10,3:43.83,,,,,0,17,0
70,josh_kerr,2022-02-27,3:32.86,,,,,0,1,1
70,cameron_proceviat,2022-02-27,3:36.85,,,,,0,2,1
70,brannon_kidder,2022-02-27,3:37.06,,,,,0,3,1
70,jack_yearian,2022-02-27,3:38.36,,,,,0,4,1
70,david_ribich,2022-02-27,3:38.52,,,,,0,5,1
70,reed_brown,2022-02-27,3:38.68,,,,,0,6,1
70,robert_brandt,2022-02-27,3:39.02,,,,,0,7,1
70,charlie_hunter,2022-02-27,3:40.07,,,,,0,8,1
70,jack_anstey,2022-02-27,3:40.11,,,,,0,9,1
70,jeremy_hernandez,2022-02-27,3:48.09,,,,,0,10,1
71,cole_hocker,2022-02-27,3:39.09,,,,,0,1,1
71,josh_thompson,2022-02-27,3:39.24,,,,,0,2,1
71,henry_wynne,2022-02-27,3:39.60,,,,,0,3,1
71,samuel_prakel,2022-02-27,3:39.92,,,,,0,4,1
71,vincent_ciattei,2022-02-27,3:39.97,,,,,0,5,1
71,colby_alexander,2022-02-27,3:41.43,,,,,0,6,1
71,craig_engels,2022-02-27,3:41.81,,,,,0,7,1
71,james_randon,2022-02-27,3:43.48,,,,,0,8,1
71,john_gregorek,2022-02-27,3:43.70,,,,,0,9,1
71,casey_comber,2022-02-27,3:45.17,,,,,0,10,1
71,eric_holt,2022-02-27,3:46.87,,,,,0,11,1
71,colton_johnsen,2022-02-27,3:51.79,,,,,0,12,1
72,jonah_koech,2025-08-03,3:30.17,,,,,0,1,0
72,ethan_strand,2025-08-03,3:30.25,,,,,0,2,0
72,cole_hocker,2025-08-03,3:30.37,,,,,0,3,0
72,hobbs_kessler,2025-08-03,3:31.12,,,,,0,4,0
72,yared_nuguse,2025-08-03,3:31.34,,,,,0,5,0
72,gary_martin,2025-08-03,3:32.03,,,,,0,6,0
72,vincent_ciattei,2025-08-03,3:32.73,,,,,0,7,0
72,nathan_green,2025-08-03,3:33.25,,,,,0,8,0
72,samuel_prakel,2025-08-03,3:33.70,,,,,0,9,0
72,joe_waskom,2025-08-03,3:39.18,,,,,0,10,0
72,luke_houser,2025-08-03,3:39.44,,,,,0,11,0
72,eric_holt,2025-08-03,3:40.29,,,,,0,12,0
73,cole_hocker,2021-03-13,3:36.36,,,,,0,1,1
73,eliud_kipsang,2021-03-13,3:38.41,,,,,0,2,1
73,waleed_suliman,2021-03-13,3:39.64,,,,,0,3,1
73,adam_fogg,2021-03-13,3:39.70,,,,,0,4,1
73,reed_brown,2021-03-13,3:39.98,,,,,0,5,1
73,sean_dolan,2021-03-13,3:40.25,,,,,0,6,1
73,tom_dodd,2021-03-13,3:40.93,,,,,0,7,1
73,yusuf_bizimana,2021-03-13,3:41.74,,,,,0,8,1
73,lucas_bons,2021-03-13,3:44.00,,,,,0,9,1
73,george_kusche,2021-03-13,3:45.17,,,,,0,10,1
74,yared_nuguse,2022-09-04,3:33.26,,,,,0,1,0
74,cole_hocker,2022-09-04,3:35.18,,,,,0,2,0
74,andrew_coscoran,2022-09-04,3:35.43,,,,,0,3,0
74,william_paulson,2022-09-04,3:35.58,,,,,0,4,0
74,andrew_hunter,2022-09-04,3:36.37,,,,,0,5,0
74,matthew_ramsden,2022-09-04,3:36.38,,,,,0,6,0
74,samuel_prakel,2022-09-04,3:36.90,,,,,0,7,0
74,federico_riva,2022-09-04,3:37.38,,,,,0,8,0
74,ossama_meslek,2022-09-04,3:38.34,,,,,0,9,0
74,mohad_abdikadarsheikali,2022-09-04,3:39.47,,,,,0,10,0
74,giovanni_filippi,2022-09-04,3:39.66,,,,,0,11,0
74,leonardo_feletto,2022-09-04,3:42.12,,,,,0,12,0
74,hobbs_kessler,2022-09-04,3:44.59,,,,,0,13,0
74,louis_vandermessen,2022-09-04,3:45.09,,,,,0,14,0
74,david_nikolli,2022-09-04,3:46.10,,,,,0,15,0
75,oliver_hoare,2021-05-09,3:33.19,,,,,0,1,0
75,justyn_knight,2021-05-09,3:33.41,,,,,0,2,0
75,henry_wynne,2021-05-09,3:36.86,,,,,0,3,0
75,john_gregorek,2021-05-09,3:36.93,,,,,0,4,0
75,samuel_prakel,2021-05-09,3:37.17,,,,,0,5,0
75,eric_avila,2021-05-09,3:37.20,,,,,0,6,0
75,craig_engels,2021-05-09,3:37.95,,,,,0,7,0
75,mohamed_ahmed,2021-05-09,3:40.67,,,,,0,8,0
75,geordie_beamish,2021-05-09,3:41.50,,,,,0,9,0
75,abe_alvarado,2021-05-09,3:42.65,,,,,0,10,0
76,jakob_ingebrigtsen,2024-06-12,3:31.95,,,,,0,1,0
76,jochem_vermeulen,2024-06-12,3:33.30,,,,,0,2,0
76,pietro_arese,2024-06-12,3:33.34,,,,,0,3,0
76,ruben_verheyden,2024-06-12,3:33.40,,,,,0,4,0
76,adel_mechaal,2024-06-12,3:33.58,,,,,0,5,0
76,raphael_pallitsch,2024-06-12,3:33.60,,,,,0,6,0
76,azeddine_habz,2024-06-12,3:33.70,,,,,0,7,0
76,robert_farken,2024-06-12,3:33.98,,,,,0,8,0
76,neil_gourley,2024-06-12,3:34.11,,,,,0,9,0
76,isaac_nader,2024-06-12,3:34.22,,,,,0,10,0
76,romain_mornet,2024-06-12,3:34.33,,,,,0,11,0
76,adam_fogg,2024-06-12,3:34.44,,,,,0,12,0
76,andrew_coscoran,2024-06-12,3:34.76,,,,,0,13,0
76,ossama_meslek,2024-06-12,3:36.35,,,,,0,14,0
76,federico_riva,2024-06-12,3:37.37,,,,,0,15,0
76,ignacio_fontes,2024-06-12,3:45.80,,,,,0,16,0
77,adam_spencer,2024-04-11,3:37.68,,,,,0,1,0
77,oliver_hoare,2024-04-11,3:37.83,,,,,0,2,0
77,jesse_hunt,2024-04-11,3:37.88,,,,,0,3,0
77,stewart_mcsweyn,2024-04-11,3:38.66,,,,,0,4,0
77,cameron_myers,2024-04-11,3:38.74,,,,,0,5,0
77,jack_anstey,2024-04-11,3:38.94,,,,,0,6,0
78,jakob_ingebrigtsen,2023-06-30,3:28.72,,,,,0,1,0
78,lamecha_girma,2023-06-30,3:29.51,,,,,0,2,0
78,josh_kerr,2023-06-30,3:29.64,,,,,0,3,0
78,elliot_giles,2023-06-30,3:31.56,,,,,0,4,0
78,samuel_tanner,2023-06-30,3:32.27,,,,,0,5,0
78,neil_gourley,2023-06-30,3:32.63,,,,,0,6,0
78,stewart_mcsweyn,2023-06-30,3:32.85,,,,,0,7,0
78,teddese_lemi,2023-06-30,3:34.21,,,,,0,8,0
78,pietro_arese,2023-06-30,3:36.10,,,,,0,9,0
78,tom_elmer,2023-06-30,3:36.54,,,,,0,10,0
78,julian_ranc,2023-06-30,3:38.61,,,,,0,11,0
79,neil_gourley,2024-06-30,3:37.67,,,,,0,1,0
79,george_mills,2024-06-30,3:38.29,,,,,0,2,0
79,adam_fogg,2024-06-30,3:39.17,,,,,0,3,0
79,archie_davis,2024-06-30,3:39.92,,,,,0,4,0
79,thomas_keen,2024-06-30,3:39.98,,,,,0,5,0
79,henry_mcluckie,2024-06-30,3:40.88,,,,,0,6,0
80,jakob_ingebrigtsen,2022-08-18,3:32.76,,,,,0,1,0
80,jake_heyward,2022-08-18,3:34.44,,,,,0,2,0
80,mario_garcia,2022-08-18,3:34.88,,,,,0,3,0
80,pietro_arese,2022-08-18,3:35.00,,,,,0,4,0
80,matthew_stonier,2022-08-18,3:35.97,,,,,0,5,0
80,gonzalo_garcia,2022-08-18,3:37.40,,,,,0,6,0
80,michal_rozmys,2022-08-18,3:37.63,,,,,0,7,0
80,neil_gourley,2022-08-18,3:38.40,,,,,0,8,0
80,andrew_coscoran,2022-08-18,3:39.91,,,,,0,9,0
80,azeddine_habz,2022-08-18,3:40.92,,,,,0,10,0
80,ignacio_fontes,2022-08-18,3:42.30,,,,,0,11,0
80,ismael_debjani,2022-08-18,3:43.28,,,,,0,12,0
81,jakob_ingebrigtsen,2021-03-05,3:37.56,,,,,0,1,1
81,marcin_lewandowski,2021-03-05,3:38.06,,,,,0,2,1
81,jesus_gomez,2021-03-05,3:38.47,,,,,0,3,1
81,ignacio_fontes,2021-03-05,3:39.66,,,,,0,4,1
81,piers_copeland,2021-03-05,3:39.99,,,,,0,5,1
81,michal_rozmys,2021-03-05,3:40.11,,,,,0,6,1
81,andrew_coscoran,2021-03-05,3:40.38,,,,,0,7,1
81,istvan_szogi,2021-03-05,3:40.40,,,,,0,8,1
81,filip_sasinek,2021-03-05,3:40.64,,,,,0,9,1
81,paul_robinson,2021-03-05,3:40.74,,,,,0,10,1
81,jan_fris,2021-03-05,3:42.97,,,,,0,11,1
81,neil_gourley,2021-03-05,3:45.99,,,,,0,12,1
81,stijn_baeten,2021-03-05,3:46.31,,,,,0,13,1
82,charles_philibertthiboutot,2023-11-02,3:39.74,,,,,0,1,0
82,robert_joseph_heppenstall,2023-11-02,3:39.76,,,,,0,2,0
82,casey_comber,2023-11-02,3:39.90,,,,,0,3,0
82,robert_anthony_napolitano,2023-11-02,3:40.12,,,,,0,4,0
82,kasey_knevelbaard,2023-11-02,3:40.31,,,,,0,5,0
82,andre_thiago,2023-11-02,3:40.48,,,,,0,6,0
82,diego_javier_lacamoire,2023-11-02,3:40.67,,,,,0,7,0
82,jose_zabala,2023-11-02,3:41.49,,,,,0,8,0
82,fernando_daniel_martinez,2023-11-02,3:41.77,,,,,0,9,0
82,guilherme_kurtz,2023-11-02,3:42.50,,,,,0,10,0
82,diego_ignacio_uribe,2023-11-02,3:45.56,,,,,0,11,0
83,reynold_cheruiyot,2023-05-13,3:32.01,,,,,0,1,0
83,abel_kipsang,2023-05-13,3:32.70,,,,,0,2,0
83,vincent_kibet_keter,2023-05-13,3:36.92,,,,,0,3,0
83,adisu_girma,2023-05-13,3:37.80,,,,,0,4,0
83,kamar_etiang,2023-05-13,3:37.84,,,,,0,5,0
83,yohanes_asmare,2023-05-13,3:38.07,,,,,0,6,0
83,ermias_girma,2023-05-13,3:38.35,,,,,0,7,0
83,haymiro_yele,2023-05-13,3:39.09,,,,,0,8,0
83,ali_abdilmana,2023-05-13,3:39.69,,,,,0,9,0
83,boaz_kiprugut,2023-05-13,3:39.96,,,,,0,10,0
83,cornelius_tuwei,2023-05-13,3:40.55,,,,,0,11,0
83,adehena_kasaye,2023-05-13,3:40.68,,,,,0,12,0
83,wegene_adius,2023-05-13,3:41.26,,,,,0,13,0
83,simas_bertasius,2023-05-13,3:44.57,,,,,0,14,0